ConfigurationNodePointerFactory.java,60
ConfigurationConverter.java,100
MultiFileConfigurationBuilderProvider.java,90
MultiWrapDynaBean.java,100
CombinedReloadingController.java,100
CombinedLocationStrategy.java,100
ReloadingCombinedConfigurationBuilder.java,92
EventListenerParameters.java,100
AutoSaveListener.java,100
BasicBuilderParameters.java,97
NodeUpdateData.java,90
ServletRequestConfiguration.java,100
ConfigurationDeclaration.java,88
ConfigurationXMLReader.java,70
ConfigurationAttributePointer.java,93
CopyObjectDefaultHandler.java,100
FileSystem.java,100
FileBasedConfigurationBuilder.java,90
PropertyListParserTokenManager.java,33
DefaultLookups.java,100
ConfigurationLookup.java,100
ServletFilterConfiguration.java,100
XMLBuilderParametersImpl.java,100
MapConfiguration.java,0
TreeData.java,94
TrackedNodeHandler.java,100
AbstractConfiguration.java,0
XMLBeanDeclaration.java,18
ReadWriteSynchronizer.java,100
CombinedConfiguration.java,95
ConstructorArg.java,0
ParseException.java,19
AbstractImmutableNodeHandler.java,100
FileLocator.java,96
ConfigurationNodeIteratorChildren.java,100
ConfigurationLogger.java,100
DefaultEntityResolver.java,38
BeanHelper.java,7
ImmutableConfigurationInvocationHandler.java,100
TrackedNodeModel.java,84
Configurations.java,100
SubsetConfiguration.java,95
SystemPropertiesLookup.java,0
INIConfiguration.java,76
BaseWebConfiguration.java,0
ConstantLookup.java,0
XMLConfiguration.java,0
FindNodeVisitor.java,100
BaseHierarchicalConfiguration.java,94
Parameters.java,100
DefaultReloadingDetectorFactory.java,67
SubnodeConfiguration.java,100
DefaultFileSystem.java,6
BasePathLocationStrategy.java,100
PropertyListConfiguration.java,71
FileSystemLocationStrategy.java,100
ReloadingFileBasedConfigurationBuilder.java,100
BaseConfiguration.java,0
DatabaseConfiguration.java,47
XMLListReference.java,86
PropertiesConfiguration.java,95
OverrideCombiner.java,100
VFSFileSystem.java,0
ModelTransaction.java,29
ConfigurationNodeIteratorBase.java,97
ReloadingBuilderSupportListener.java,100
ExprLookup.java,21
JndiBuilderParametersImpl.java,100
ConfigurationNodeVisitorAdapter.java,100
ConfigurationPropertySource.java,33
PatternSubtreeConfigurationWrapper.java,8
ReloadingController.java,100
QueryResult.java,93
MultiWrapDynaClass.java,88
DefaultListDelimiterHandler.java,100
FileHandler.java,93
XMLDocumentHelper.java,100
ConfigurationNodePointer.java,84
ListDelimiterHandler.java,100
NodeAddData.java,100
ProvidedURLLocationStrategy.java,100
TokenMgrError.java,0
NodeNameMatchers.java,100
LegacyListDelimiterHandler.java,87
StringLookupAdapter.java,100
MultiFileConfigurationBuilder.java,98
CombinedConfigurationBuilderProvider.java,0
MultiFileBuilderParametersImpl.java,100
TreeUtils.java,8
ConfigurationNodeIteratorAttribute.java,100
FileUtils.java,75
DefaultExpressionEngine.java,98
NodeSelector.java,88
CombinedConfigurationBuilder.java,0
AbstractYAMLBasedConfiguration.java,0
ClasspathLocationStrategy.java,100
DefaultConversionHandler.java,100
DatabaseBuilderParametersImpl.java,100
UnionCombiner.java,100
VFSFileHandlerReloadingDetector.java,100
ServletConfiguration.java,100
HomeDirectoryLocationStrategy.java,100
XPathContextFactory.java,100
NodeTracker.java,96
NodeTreeWalker.java,100
NodeHandlerDecorator.java,100
DefaultParametersManager.java,100
Token.java,25
XMLPropertiesConfiguration.java,72
EventListenerList.java,100
DataConfiguration.java,89
MergeCombiner.java,95
JSONConfiguration.java,0
ConfigurationPropertiesFactoryBean.java,81
SystemConfiguration.java,0
BuilderConfigurationWrapperFactory.java,100
PropertiesBuilderProperties.java,0
ImmutableNode.java,96
BaseEventSource.java,100
PropertiesBuilderParametersImpl.java,100
PrefixedKeysIterator.java,100
InMemoryNodeModel.java,97
JNDIConfiguration.java,85
HierarchicalConfigurationConverter.java,90
CatalogResolver.java,32
ReloadingMultiFileConfigurationBuilder.java,100
ConfigurationDynaBean.java,0
DisabledListDelimiterHandler.java,100
AbsoluteNameLocationStrategy.java,100
EnvironmentLookup.java,0
ReferenceTracker.java,100
EventType.java,100
PropertiesConfigurationLayout.java,95
FileExtensionConfigurationBuilderProvider.java,94
DefaultBeanFactory.java,0
HierarchicalBuilderParametersImpl.java,100
AppletConfiguration.java,100
FileLocatorUtils.java,93
PropertyListParser.java,0
BaseConfigurationXMLReader.java,90
DynamicCombinedConfiguration.java,47
DummyLookup.java,100
ConfigurationInterpolator.java,0
YAMLConfiguration.java,0
HierarchicalConfigurationXMLReader.java,100
BasicConfigurationBuilder.java,93
SimpleCharStream.java,17
ServletContextConfiguration.java,100
XMLPropertyListConfiguration.java,72
XPathExpressionEngine.java,88
ConfigurationMap.java,81
PropertyConverter.java,92
NodeCombiner.java,40
ConfigurationDynaClass.java,81
ConfigurationBuilderEvent.java,100
ConfigurationErrorEvent.java,100
DefaultConfigurationKey.java,87
ManagedReloadingDetector.java,100
BaseConfigurationBuilderProvider.java,100
DefaultExpressionEngineSymbols.java,90
INIBuilderProperties.java,0
CompositeConfiguration.java,88
ConfigurationUtils.java,89
Event.java,100
INIBuilderParametersImpl.java,30
AbstractListDelimiterHandler.java,0
ReloadingEvent.java,100
ConfigurationBuilderResultCreatedEvent.java,100
InterpolatorSpecification.java,100
FileHandlerReloadingDetector.java,88
CombinedBeanDeclaration.java,100
AbstractHierarchicalConfiguration.java,9
FileBasedBuilderParametersImpl.java,100
EventListenerRegistrationData.java,71
PeriodicReloadingTrigger.java,100
StrictConfigurationComparator.java,100
ConfigurationEvent.java,100
CombinedBuilderParametersImpl.java,97
